{"cameraMode":{"drawMode":0,"name":"Shaded","section":"Shading Mode"},"sceneLighting":true,"audioPlay":false,"sceneViewState":{"showFog":true,"showMaterialUpdate":false,"showSkybox":true,"showFlares":true,"showImageEffects":true,"showParticleSystems":true},"in2DMode":false,"pivot":{"x":-31.07972526550293,"y":18.49310874938965,"z":7.512611389160156},"rotation":{"x":0.07914647459983826,"y":0.08214680105447769,"z":-0.006542643997818232,"w":0.9934544563293457},"size":49.92533493041992,"orthographic":false}